no,text,tags,emotion
1,"‘오류’가끔은 마음에 오류가 올 때가 있는거 같아요. 그게 수많은 일들 때문일수도 있고, 누군가로부터 일수도 있고요. 그러한 순간들에 건네준 한마디, 곁에서 기다려준 당신. 이 모든 것들이 투정버리던 나에게 크게 와닿는거 같아요. 매일매일을 좋은 모습으로 온전히 살아가기 어려운게 사람이기에. 누군가와 같이 공존하며 살아가는게 삶인거 같습니다. 서로를 의지하며 나아갈 수 있도록요. 한편으로 독으로 다가올 수 있는게 관계이고, 만남이지만 같은 마음으로 바라봐주었으면 하는 마음입니다. 벚꽃이 만개하여 봄바람을 타고 흩날리는 꽃잎에 미소를 지어보며 설렘을 부여해봅니다.“오류가 있었기에 당신을 다시 바라볼 수 있었다”",[],행복
2,가끔은 상황에 기분을 맞추기보다는. 기분으로 상황을 이기면서 그렇게 살자. 웃으면 복이 온다는 말처럼. 많이 웃고 덤으로 복도 받고 그렇게 재밌게 살자. 특별한 인생을 만들어 가는 것도 결국은 내가 해야 하는 일이니깐. 하루하루 웃으면서 특별하게 사는 것도 좋잖아.daw.nmoonlight※※※※※※※※,"['#글귀', '#인생글귀', '#글귀스타그램', '#글스타그램', '#좋은글', '#글', '#공감글', '#글스타', '#좋은글귀', '#힐링글귀', '#응원글귀', '#공감', '#에세이', '#감성글귀', '#사랑', '#사랑글귀', '#인생글귀', '#작가', '#글씨스타그램', '#기록', '#명언', '#좋아요', '#좋반', '#좋아요테러', '#맞팔', '#일상', '#행복', '#팔로우환영', '#소통', '#소통해요', '#감사합니다']",행복
3,매주 수요일은 가르침을 뒤로하고 학생으로 돌아가 배웁니다..그 배움이 너무 좋습니다.참...그리웠거던요....,"['#글지', '#평심', '#조기종', '#캘리', '#캘리그라피', '#캘리스타그램', '#손글씨', '#감성글씨', '#붓글씨', '#펜글씨', '#예쁜글씨', '#짧은글귀', '#이천', '#calligraphy', '#사랑', '#첫사랑', '#행복', '#꽃', '#드라이플라워', '#한글멋글씨', '#출간회', '#첫눈에반하다', '#수강생모집', '#참좋은사람', '#글지', '#캘리그라피연구소']",행복
4,어린 삵을 자연으로 돌려보내는 수의사🐶귀욤 동물짤 보러가기 👉 @dog._.angry ━━━━━━━━━━━━━━━...,"['#삵', '#자연', '#보호', '#방사', '#자연방사', '#헤어짐', '#아쉬움', '#눈물', '#행복', '#행복해야해', '#강아지', '#고양이', '#반려동물', '#댕댕이', '#냐옹이', '#동물스타그램', '#행복짤']",행복
5,"[ 고통은.. ]고통은 찻잔속의 폭풍과도 같다 .찻잔안을 들여다 볼 때는 그 고통에 숨이 막힐 것 같지만눈을 들어 찻잔을 보면 고통은 찻잔 안에서 일어 나는작은 소동에 지나지 않는다.찻잔 그 자체는 어떤 것에도 영향을 받지 않고,그저 평화로울 뿐이다.  _성불하소서 _()()()_ == 석일행 스님 == ","['#불교', '#BUDDHA', '#참선', '#생사해탈', '#불교공부', '#연공최귀', '#명상', '#탄허학', '#수행', '#자비', '#행복', '#지혜', '#불자']",행복
6,.Main character : 오은영(정신건강의학과 의사)Storytelling : @doing_people.2차자료수집후재구성함사진 출처 : 오은영의금쪽상담소 방송화면.,"['#DOwhateveryouwant', '#한번사는인생행복하게살아요💛', '#사람사는이야기', '#인간관계', '#관계', '#위로', '#공감', '#감정', '#응원', '#동기부여', '#화이팅', '#오은영', '#선한영향력', '#행복', '#지금', '#하고들있네', '#두잉피플', '#DO']",행복
7,봄을 전해주는 이쁜사진 전달 받아글씨 올려봤어요~~우중충한 날씨를 좋아하는 사람이라오늘따라 모든 말이며 행동이 차분해지고..시간은 잔잔하게 흐르는것 같아요!오늘도 즐거운 하루 보내세요^^ ,"['#아날로그감성', '#아날로그사람글씨쓰는', '#유튜브', '#youtube', '#구독과좋아요', '#사랑입니다', '#캘리그라피', '#순천캘리그라피', '#하유서실', '#마음', '#디자인', '#그림', '#붓펜캘리그라피', '#calligraphy', '#캘리배우기', '#감성사진', '#글씨', '#하유글씨', '#일상', '#공감', '#행복', '#감사', '#힐링']",행복
8,"성장일기 2🍼D+100시간이 언제 이렇게 지났나 싶게 벌써 백일이 지난 막둥이😅미국에서 우리끼리 조촐하게나마백일기념한다고 급조했던 날 ㅋㅋ아이들이 크는걸 볼때면,빨리컸으면 하면서도 너무 훌쩍 커버린 모습을 보며언제 이렇게 컸나싶어 아쉬울때가 있는대유독 막내는 더 빨리 크는 느낌이 들어 아쉬움이 더 큰것같다.이젠 컸다고, 혼자두면 심심하다고 소리내다가도눈만 마주치면 좋다고 싱글벙글 😄눈에 보이는 것들이 마냥 신기한 요즘~하루하루가 다르게 잘 크고 있는 중🥰","['#백일', '#백일촬영', '#self', '#급조', '#뭔들어떠하리', '#귀엽기만하구만', '#😆', '#막둥이', '#둘째아들', '#eyecontact', '#눈웃음', '#살인미소', '#어디서배웠니ㅋ', '#잘크는중', '#감사', '#행복', '#사랑이많은아이로자라길', '#수고했다', '#우리가족💕']",행복
9,감사한 초대💓나의 집을 오픈하는것 누군가에게는 쉬운일 일수도 있지만 내게는 결코 쉽지않은 일먼저 손 내밀어주시고 초대해주신 고마운 인연😄그녀를 통해 나도 보이고 나의 남편도 보이고 사랑하는 동생도 생각난 날다양한 경험과 도전을 즐기는 그녀에게 배우고싶은 점이 참 많았다“사람 사는거 다~ 똑같애 다르게 살고 싶어질때부터 힘들어 지는거야”라고 말해주는 좋은친구가 있는 그녀는 부자였다아무말 하지않아도 위로가 되는 친구 한명은 그 어떤 것으로도 대신할수 없다오늘도 참 감사하다🌷결코 우연이 아닌 소중한 인연^^또 만나요🌼@nayana.ek ,"['#정리마미', '#일상', '#초대', '#만남', '#차한잔', '#감사', '#배움', '#기록', '#행복', '#사랑', '#소중한인연']",행복
10,물 만난 하림 💛앞으로 키카 갈 때 500원 동전 두 개 준비해야 할 판 🪙 🪙 너무 잘 놀아서 다음주에 또 오기로 했다 🌝오하림… 자기는 설현이 만지면서 설현이가 만지거나 보면 왜 우냐고 😮‍💨 어쩔 수 없이 자주 만나는 걸로 😘,"['#친구랑키카', '#10개월아기']",행복
11,밀양 아주르키즈풀빌라펜션 두번째 방문^^이번엔 조카들도 함께~ 물놀이를 이래 많이 하다니ㅋㅋ 조카들이 너무 좋다고 엄지척ㅋ 울 지야도 언니오빠 있으니 더 잘 노는ㅋ 귀요미들~ ,"['#밀양', '#아주르키즈풀빌라', '#여행', '#수영장', '#물놀이', '#바베큐', '#테라스', '#실내놀이터', '#외할머니', '#조카', '#튜브', '#수영복', '#구명조끼', '#즐거움', '#만족', '#행복', '#딸', '#신이남', '#육아맘', '#딸바보맘', '#매력쟁이', '#사랑해']",행복
12,귀염뽀짝 꽃사탕 키친크로스 🌼🍭이렇게 셋뚜셋뚜로도 데려가시는 아이에요거즈원단으로 쓰시면 쓰실수록 물흡수도 👍얼른 데려가세요 🙂🥰,[],행복
13,"부자가 되려면 부자옆에 서라2022 본사공지 리얼멘토트렌드를 앞서가는 ""New이색부업""월급관리 목돈굴리기 안정적인 가입당일 고수익보장편리성, 안정성,수익성,모두갖춘 재테크여러분도 할 수 있어요남녀노소 모두 가능합니다 만19세 이상 연락 주세요!코로나19 확산으로 많은사람들이 경제적 부담을겪고 있으리라 생각 됩니다하루빨리 종식 되었으면 하는 마음이네요바로 진행한다고 하셔서 진행 도와드린 결과로짧은 시간이지만 적지않은 수익 받으실수 있었습니다.믿고 크게 투자해주신 결과로 수익 챙기셨습니다.긴말 안합니다. 확실하게 진행하실 분들",[],행복
14,어릴적 이담이 나이때 일요일이면 항상 아빠가 혼자서 오빠랑 날 데리고 서울랜드에 갔다 해가 지고 깜깜해져 버스를 타고 돌아오면 엄마랑 가게 문을 닫고 경양식 레스토랑에서 네식구 돈까스 먹었던 기억이 아직도 생생하다유치원때부터 초등학교 졸업할때까지 우리가족의 일요일 코스그때는 그게 얼마나 힘든일인지 몰랐는데 시간이 지나고 부모가 되어보니 얼마나 자식을 사랑하셨으면 그렇게 하실수 있었을까.. 존경스럽다아빠는 늘 필름카메라를 챙겨나섰는데앨범속에는 오빠랑 내 사진뿐. 뽀빠이 아저씨랑 찍은 사진은 있어도 아빠 사진은 한장도 없네..이담이 웃는모습에 내가 더 행복해서 힘들지만 힘이나는 요상한 마법🎡아빠도 그랬었구나,"['#5살', '#아기', '#엄마', '#아빠', '#딸', '#아들', '#가족', '#❤', '#임신', '#태교', '#육아', '#일기', '#일상', '#여행', '#행복', '#기록', '#딸스타그램']",행복
15,처음같이 부케 수업 들을 때 결혼하면 내가 부케 만들어준다고 그랬는데 그날이 이렇게 빨리 올 줄이야..다음 주에 촬영인데 왜 내 기분이 이상한 거니 정아ㅠㅠㅋㅋㅋㅋㅋ,['#가지마가지마'],행복
16,콜드브루 한잔의여유 같이 할까요?오산라라샵 오세요즐기며 함께 하실분 ✋ 행복하게 상담 010 9116 7174,"['#라라코리아', '#탑그룹', '#탑그룹최준석', '#오산라라샵', '#소통', '#커피', '#즐겁게', '#행복', '#맞팔해요']",행복
17,@prettybodyplaner << 재밌는 글과 영상 많아요♥ㅎㄷㄷㄷㄷㄷㄷㄷ..................,"['#자동차', '#자살체험', '#유머', '#유머스타그램', '#웃자', '#웃으면복이와요', '#행복', '#4월', '#커플스타그램']",행복
18,나의 최애 아이스크림 투게더♥️ 매번 밀크셰이크 만든답시고 사면서 퍼묵퍼묵 하느라 못만듦…. 아빠다리하고 앉아서 다리사이에 껴안고 티비보면서 먹다보면 한통이 순삭… 6천원의 행복  다이어트는 내일부터.  먹는게 남는거다!!,"['#투게더', '#아이스크림', '#여유', '#행복', '#일상', '#다이어트는내일부터']",행복
19,매번 매번 고객을 다 올릴수없지만..오늘잠깐 짬나는 시간에..오늘도 저의 고객이 되어주심에 깊이 감사드려요♡체험 없이 믿고 풀셋 구매...해주심에..확실한 관리와 이뻐짐의 확신을 갖고..전달드립니당♡♡,"['#일상', '#행복', '#성공으로가는계단', '#인셀덤비지니스', '#선팔', '#맞팔', '#좋아요', '#무료배송', '#당일발송', '#비회원가능', '#인셀덤선물', '#탈모관리', '#선물추천', '#인셀덤정품', '#인셀덤방판', '#보타랩선물', '#김태희샴푸', '#전지현바디케어', '#원빈화장품', '#디엠문의', '#원빈인셀덤', '#인셀덤진윤하', '#피부고민', '#피부관리', '#주름개선', '#미백관리', '#래디언솜100', '#홈케어', '#홍조', '#여드름']",행복
20,"🥚 삶은달걀 서포터즈 1기 🥚 '삶은달걀 자서전쓰기 프로젝트 서포터즈 1기' 활동이 끝났습니다!  삶은달걀은 '삶이란 생각보다 단순하고 어렵지 않다'는 메세지를 전달하는 것을 미션으로 삼아 자기계발을 바탕으로 '삶의 의미를 찾아주는 브랜드'로 성장하고 있는 중입니다. 이번 자서전 프로젝트는 21일, 총 3주 동안 하루에 하나씩 21개의 질문에 각자 답을 하는 활동을 통해 자신에 대해 알아가는 글쓰기 챌린지입니다! 🫶🏻 저는 '꽃보라'라고 하는 닉네임으로 참여했는데요. 🌸🌸'꽃보라'는 바람에 날리는 많은 꽃잎이라는 뜻으로, 제가 이 닉네임을 선택한 이유는 흩날리는 꽃잎처럼 자유롭게 날아다니고 싶다는 생각을 했기 때문입니다. 이번 활동을 통해 제 속에 있는 이야기들, 제가 가지고 있는 생각들에 대해서 다시 한 번 돌아보고, 제 스스로를 이해하고 알아갈 수 있는 뜻깊은 시간이 되었던 것 같아요! ✔️ 삶은달걀의 텀블럭 펀딩이 곧 오픈될 예정이니 많은 관심 부탁드립니다!@lifeisegg.official  ","['#삶은달걀', '#자서전프로젝트', '#나를아는21개의질문', '#서포터즈', '#행복', '#회고', '#자신감', '#동아보기', '#글쓰기', '#기록', '#자기관찰', '#자기계발', '#나에대한이해', '#대외활동']",행복
21,"Atomy seaweed is naturally grown in a clean area without acid treatment/active treatment agents.✅100% Korean Organic Certified Raw Ingredients✅Use 100% organic extra Virgin olive oil with lots of unsaturated fatty acids✅Use of mineral-rich Sinan salt(One of Korea pure area)✅✅If you go to the ‘Woolworths organic’section, you can find 5g of organic lunch laver of similar quality for $2.20 eachHowever Atomy’s is just 55 cents👍👍👍요즘 스낵으로 많이들 김!! 애터미 김은 청정지역에서 ✔️산처리/활성 처리제를 사용하지 않고 자연 그대로 재배한김이에요~ ✔️100%한국 유기농 인증 원초사용✔️불포화지방산 많이포함된 100%유기농 엑스트라버진 올리브유사용✔️미네랄 풍부한 신안 천일염 사용생활비교: 울월쓰 코너에 가시면 비슷한 품질 5그람 오가닉 도시락김이 판매되는데 한 개에 $2.20!! 애터미는 55cents!! 울월쓰 가시게 되면 한번 체크해보세요~~ 우리는 이렇게 애터미 물건을 쓰는것만으로도 이득입니다😊@auatomyalice ","['#atomy', '#onlineshopping', '#veganfood', '#seaweed', '#healthyfood', '#healthysnacks', '#grilledlaver', '#korean', '#brisbane', '#grateful', '#abundance', '#애터미', '#온라인쇼핑몰', '#김', '#구운김', '#간식', '#맛있어', '#넘좋아', '#브리즈번', '#호주일상', '#완전좋아', '#감사', '#행복']",행복
22,항상 저를 도와주시는 고마운 분들이 한자리에 모였어요!! 이 자리에 못오셨던 분들 혹은 앞으로 같이 어울리게 될 모든 분들이 행복하고 건강했으면 좋겠어요. 멜팅구스토 회사 비전은 세계평화입니다.,"['#멜팅구스토', '#신암동상가번영회', '#젊은패기', '#추억', '#행복', '#좋은사람들과함께', '#행복한삶']",행복
23,"“무릎까지 오는 베이지색 트렌치코트에 하얗게 센 머리, 그리고 두 개의 쇼핑백을 들었다고 했다. 그런 행색으로 나타나 맥도날드에 머문다고.”✏이 ‘행색’이 낯설지가 않다. 언젠가 들어 본 이야기다. ‘정동 맥도날드 할머니’로 불리며 화제를 모았던 한 노숙인 여성에 대한 묘사가 아닌가.2013년 사망 후 잊히던 그의 삶이 소설로 복원됐다. 한은형 작가의 신작 ‘레이디 맥도날드’(문학동네)다. 방송을 통해 알려진 그의 말과 행동, 일상 그리고 과거 행적을 토대로 있었을 법하고, 있었기를 바라는 ‘상상’을 더하여 재조명했다. 인간의 본질을 날카롭게 간파해 온 한 작가가 ‘거짓말’ 이후 선보이는 두 번째 장편소설로, 소설의 힘과 가능성을 되짚게 하는 흥미로운 ‘팩션’이다...한 작가는 맥도날드 할머니에 대해 “어쩌면 나의 미래였을지도 모른다”는 생각을 했다고 한다. 그리고, “단정하고 깨끗하고 화사하게” 잘 보내드려야겠다는 마음으로 소설을 썼다. 작가는 소설을 읽는 독자들이 “앞으로 살아가는 날들 속에서 아름다움과 즐거움을, 또 마음을 움직이는 순간들을 많이 소유하게 되시길 바란다”고 했다. ‘레이디’가 그랬듯 말이다. 그러니까, ‘레이디’식으로 말하면, “기쁨은 오래 간직하고, 힘들어도 울지 않기.”by 박동미 기자* 전문이 궁금하신 분들은 아래 링크에서 확인해주세요!(PC에서 연결됩니다.)naver.me/xnvoNVPM* 문화부의 다른 북리뷰가 보고 싶다면?프로필 링크 클릭!","['#문화일보북리뷰', '#북스타그램', '#책스타그램', '#책추천', '#문학동네', '#레이디맥도날드', '#한은형', '#행복', '#평범', '#산책', '#독서', '#맥도날드', '#커피', '#신문']",행복
24,"여러분은 목차를 얼마나 읽으시나요? 목차를 좋아하는 독자들은책을 구매하기 전 목차를 가장 먼저 읽어본다고 하는데요 📖목차를 읽다보면 전체적인 흐름을 파악하고,목차와 본문을 맞춰보는 재미까지 있기 때문이죠〰️✍🏻북로망스 도서 중 가장 맘에 드는 목차는 무엇인가요?(마케터 픽은 1번✨)1️⃣ - 2️⃣ 『나에게 고맙다』3️⃣ - 5️⃣ 『안녕, 소중한 사람』6️⃣ - 8️⃣ 『작은 별이지만 빛나고 있어』","['#나에게고맙다', '#안녕소중한사람', '#작은별이지만빛나고있어', '#북로망스', '#에세이']",행복
25,".오늘 무슨 날인가???...신랑은 갑자기 '오다 주웠다'면서 향수를 건네고, 동생은 세종시맛집 뼈해장국을 포장해서 먹어보라고 갔다주질 않나??? 오늘은 아침부터 계탄날이다.","['#선물', '#버버리향수', '#신랑', '#땡큐-', '#진성민속촌뼈해장국-', '#세종시맛집.....', '#시골살이', '#부부일상', '#우리끼리', '#구사나', '#구사나하우스', '#행복', '#감사']",행복
26,🍣: 가정초밥 모듬B여긴 가서 먹어야 맛있는데 동네에 코로나환자가 너무 많아져서 섣불리 못나가겠더라구요ㅠ그래서 배달 시켜 먹었어요!!.,"['#초밥', '#스시', '#초밥맛집', '#배달맛집', '#스시맛집', '#코시국', '#먹방', '#존맛탱', '#JMT', '#먹방스타그램', '#일상', '#음식', '#힐링', '#행복', '#먹부림', '#먹팔', '#먹스타맞팔', '#먹스타', '#🍴', '#좋반', '#좋아요', '#팔로우환영', '#팔로우', '#좋아요반사', '#좋아요테러']",행복
27,2020.08일 끝나고 갑자기 돈까스가 땡겨서 주변에서 찾아보고 바로 갔는데 맛집이었다긔 🥺❤️🤤✨仕事終わりで急にとんかつ気分になった！,"['#食べログ', '#돈까스', '#음식', '#점심', '#맛있다', '#즐거움', '#행복', '#아카사카', '#도쿄', '#점심메뉴', '#일식', '#とんかつ', '#グルメ', '#うまい', '#美味しい', '#幸せ', '#赤坂', '#東京', '#お昼ごはん', '#お昼', '#和食', '#tonkatsu', '#lunch', '#yummy', '#yummyfood', '#akasaka', '#japanesefood', '#food', '#foodporn', '#foodie']",행복
28,아빠냄새가 좋은가봉가😍저렇게 아빠다리사이  아빠베개에 있는거보면장난이 심해서 아빠가 부담스러울때가 있을지 몰라도 그래도 아빠가 좋아🥰❤,"['#아빠바보딸❤️', '#사랑스러워💕', '#울집', '#막내', '#알밤이💕', '#일상', '#데일리', '#울집', '#복덩이', '#댕댕이', '#장모치와와', '#초코탄', '#치와와', '#초코탄치와와', '#멍뭉이', '#멍멍이그램', '#멍스타그램🐶', '#댕댕이그램', '#부산', '#해운대', '#세젤예', '#세젤귀', '#반려견', '#소통', '#일상', '#조언', '#사랑', '#행복', '#엄마마음❤']",행복
29,"🍱🌭🍽🥙🥪🍙오전 작업 끝내고담양으로 고고""소바집""시원한 냉모밀에와사비 잔뜩 풀어서 맛있게 냠냠🤤만두도 빠지면 섭하니께🤭특별한 날 ""늘솜키친""과함께하세요😊특별한 날을 더 빛나게 해드릴께요🎀","['#광주맛집', '#전라도맛집', '#첨단', '#담양', '#광주', '#전라도', '#메밀소바', '#소바집', '#냉모밀', '#만두', '#행복', '#봄나들이', '#늘솜키친', '#늘솜씨좋은키친']",행복
30,- - 💛 레고랜드 코리아 프리 오픈 💛...그렇게 기다리고 기다리던 국내 레고랜드 프리 오픈기간오늘 제일 신난 어른은 나야나 ~😆평소 레고 매니아인 나와라따는 작년9월에 1st to play 한정판 티켓을 구매 했고5월5일 개장전에 프리뷰타임을 가질수있게되었다 사실 한정판이라 더 끌렸고 실물 연간회원권을 가질수있어서 더 기뻤다실물카드는 거의 한정판 굿즈 같은 개념 (나중엔 살수가없음)눈만 돌리면 모든곳이 포토존이였던 아름다운 환상의나라 레고랜드레고가 단순 브릭이 아니라는걸 느낄수있는 작품들이 매우 많아 입이 떡벌어졌다우리에게 너무너무 행복하고 즐거운 시간이였다 당연 레고랜드에서만 살수있는 한정판 레고도 겟하여야한다😊....,"['#첫줄', '#첫줄반사', '#레고랜드', '#춘천여행', '#레고랜드코리아', '#좋아요', '#좋반', '#럽스타그램', '#좋아요테러', '#선팔하면맞팔', '#선팔', '#맞팔', '#일상스타그램', '#일상', '#일상소통', '#인스타', '#인스타패션', '#인스타그램', '#여자코디', '#여자옷', '#사진', '#데이트', '#팔로우', '#먹스타그램', '#좋반테러', '#행복', '#국내여행']",행복
31,태어난지 D+1사랑이 보러 신생아실 간날♥️하품하는 모습 조차 너무 귀여움👼찡그려도 귀여움☺️..,"['#귀여움한도초과', '#신생아', '#사랑이', '#태어난지1일', '#출산', '#행복', '#좋아요', '#인생1일차', '#아가', '#아기']",행복
32,@planer_jin << 재밌는 글과 영상 많아요♥비대면 이라는데 아앀ㅋㅋㅋㅋㅋ.................. ,"['#인싸', '#대학교', '#검거', '#개웃김', '#유머', '#유머스타그램', '#웃자', '#웃으면복이와요', '#행복', '#4월', '#커플스타그램']",행복
33,안성시노인복지관엔긍정인생행복인생이함께하고 있습니다.조금이나 힘이 되어주는 긍정인생 행복인생^^♡♡♡,"['#인생굿즈의탄생', '#굿즈', '#21세기북스', '#최길수', '#작가', '#긍정', '#인생', '#행복', '#사랑', '#작가', '#캐릭터', '#드로잉', '#달력', '#그림', '#일러스트', '#디자인', '#수업', '#illustration', '#design']",행복
34,행복은 🌿☘️🍀.서로 다른것을 하나씩 맞춰가며함께 만들어 가는것 😘💞✍️.울고은이할아버지 앞에서달리기 실력 뽐내는고야?ㅎㅎ🤣🤣🏃‍♀️.,"['#하늘', '#하늘샷', '#구름', '#일출', '#풍경', '#맛집', '#사진', '#감성', '#공유', '#힐링', '#손글씨', '#캘리그라피', '#필사', '#취미', '#글', '#글귀', '#행복', '#조카', '#조카바보', '#아빠', '#사랑해', '#일상', '#일상스타그램', '#글스타그램', '#사진스타그램', '#❤']",행복
35,"우울 퇴치법아주 간단한 우울 퇴출법 소개해봐요. 우리의 마음에는 우울, 슬픔, 불안, 좌절 그리고 기쁨, 행복, 즐거움, 평안 등이 있어요.우리의 마음의 우울, 슬픔, 불안의 씨앗을 뽑아내고 우리의 마음에 기쁨, 행복, 즐거움의 씨앗을 심어 넣어요.그 씨앗을 심는 방법은 간단해요.매일 감사한 일기를 써보는 거예요.처음에 시작할 때는 낯설어서 한 개도 쓰기 어려울 텐데 조금만 지나면 아주 소소한 것까지 쓰게 돼서 다섯 개는 금방 쓰게 돼요.오늘도 감사함의 씨앗을 우리들 마음에 심어 보아요. :)""정원이 아름다워졌다고 마음을 놓아서는 안 돼요. 슬픔은 언제나 자라기 쉬우니까요.정원 구석구석 꽃과 나무들이 잘 자라게 하려면 틈날 때마다 슬픔을 솎아 내야 해요."" -『마음 정원』 중","['#우울퇴치법', '#행복해지기', '#행복', '#우울', '#우울날려버리기', '#지니스카이', '#지니스카이_나무엄마']",행복
36,터미타임!은성아~체중이 상위 10%래~밥도 먹고 목욕도 했으니우리 이제 근육을 키워볼까!?!😆며칠 전까지만 해도코를 박고만 있더니그 사이에 컸네❤️,"['#with땅콩❤', '#220414', '#태어난지42일👶', '#내사랑', '#내새끼', '#귀요미', '#mylittlebaby', '#미니미니미', '#love', '#감사', '#선물', '#도치맘', '#범띠맘', '#아기천사', '#행복', '#터미타임', '#근육발달', '#목욕후', '#뽀송뽀송']",행복
37,"-미리 이별 연습을 해 봅시다.-영화 '화양연화' 2000개봉 / 장만옥,양조위-매일 다양한 감성을 전달해드립니다.감성충전이 필요하신 분들에게 새벽달을(@midnight_moon_to_u) 추천해 주세요.-","['#글', '#감성글', '#감성글귀', '#감성', '#새벽', '#사랑', '#이별', '#좋은글', '#영감', '#휴식', '#힐링', '#daily', '#에세이', '#멘탈', '#위로', '#행복', '#명언', '#공감', '#짧은글', '#짧은글귀', '#영화', '#영화대사', '#명대사']",행복
38,ㆍ예숑이 3차 접종하고 잠시 놀이터에서...건강하게 잘 자라고 있는 내 개새꾸 숑이🐶근데 내 머리털 우리 숑이 보다 못하네ㅋㅋㅋ도와줘요 나예쌤~~~~~♡ @atnown_naye,"['#개산책', '#개엄마', '#미니비숑', '#귀요미', '#일상', '#행복']",행복
39,".어떤 식으로든 결단이 필요했다. 매일같이 한강에 나갔다. 수변에 바짝 붙어 앉아 찰랑이는 물결과 빛나는 윤슬에 울음이 묻히게 두었다. 이제는 그만 울고 싶었다.생각만으로도 온몸에 힘이 풀려 서재방에 들어갈 때마다 시선을 피했던 상자를 힘겹게 열었다. 일년 넘게 꽁꽁 감춰 두었던 천일의 사랑. 그 흔적이 아팠다.그는 한달 간의 잠수 후 카톡으로 일방적인 이별 통보를 했다. 내가 부모님 문제 등으로 가장 힘들던 때라 감당할 수 없던 소식이었다. 얼마 전까지만해도 사랑한다더니, 좋은 생각만 하자더니. 늘 정면 돌파하는 나였지만 도무지 직면할 수 없었다. 다음날 눈에 보이는 것들은 닥치는대로 상자에 욱여넣었다. 일년이 훨씬 지난 며칠 전, 이별의 진짜 이유를 우연히 알게 되었다. 내가 말로만 듣던 환승 이별의 주인공이었구나. 남아있던 흔적을 택배 상자에 넣었다. 그가 사랑이라 말했던, 달면 삼키고 쓰면 뱉는 그 마음의 파편을 두고 싶지 않았다. 그 상자에 모든 추억과 기억을 실어 떠나보냈다. A4 용지를 쭉 찢어 쓴 쪽지의 말미에는 ""다음 생, 그 다음 생에도 다시는 만나지 말자""라고 썼다. 내 삼년 육개월의 한줄 요약이었다. 어릴 적 들었던 이승환의 <천일동안> 가사도 이와 비슷했지. 삼십여 년 전에는 채 알지 못했던 그 마음을, 결코 알고 싶지 않았던 그 심정을 왜 오롯이 알게 되었는지 하염없이 서글플 따름이었다.서울 노들섬 / Nodeul Island, Seoul, Korea / 202204..","['#날씨', '#꽃', '#나무', '#식물', '#이별', '#슬픔', '#힐링', '#행복', '#공감', '#데일리', '#일상', '#일상스타그램', '#여행', '#여행스타그램', '#spring', '#flowers', '#plants', '#tree', '#green', '#daily', '#happiness', '#island', '#travel', '#travelgram', '#travelingram', '#instatravel', '#traveling', '#traveller', '#vacation', '#holiday']",행복
40,이쁘고 귀여운 사진 저장중💕💕💕옥수수맛있쪄~~자고일어나서 바로먹는 옥수수 엄청맛나지😁😁나보다 오빠인데  너무 귀엽잖아~이런 매력을 왜 이제 보여주는건데~~얼굴퉁퉁부어도 괜찮아~내눈엔 이쁘니깐💕💕제주도투어 가야하나😄😁😆😅🤣😂 ,"['#강창모', '#KCM', '#잘생김', '#목소리미남', '#귀여웡', '#듣고싶을까', '#보고싶다구', '#바라만본다', '#바라만보는중', '#오늘도맑음', '#갓파더', '#매력덩어리', '#난너를사랑해', '#우주최고', '#나의스타', '#항상응원해', '#행복', '#행운', '#본업천재']",행복
41,바쁜 하루 속에서 잠깐 차에서 낮잠을 잔다...깨어나보니 벚꽃 잔치...항상 듣는 음악도벚꽃 풍경과 같이 바라보니이렇게 아름다운 곡이었나?차창밖으로 보이는 벛꽃살랑살랑 따스한 바람...모든게 퍼펙트한 하루다,"['#벚꽃', '#opel', '#antara', '#akirasenju', '#벚꽃엔딩', '#차창', '#봄날', '#행복', '#따뜻한', '#바람', '#낮잠', '#piano']",행복
42,"추억의 튀김 꿀조합😁😎어릴적 존맛탱 떡꼬치, 순대튀김, 미니군만두, 맛감자, 김말이들은 🍺 맥주를 부르죠 캬~병맥 맛집 갬성마돈나 오늘도 준비 완료","['#마돈나', '#모란마돈나', '#성남마돈나', '#급만남', '#하겐다즈', '#헌팅', '#갬성마돈나', '#만남', '#행복', '#즐거움', '#Happy', '#놀이터', '#모란핫플', '#스트레스해소', '#핫플레이스', '#떡볶이', '#맛집', '#음악', '#성남맛집', '#단체', '#레트로', '#모임', '#레트로', '#감성', '#🎶', '#벙개', '#2차', '#번개', '#모란맛집', '#데이트', '#모란술집']",행복
43,𝟚𝟘𝟚𝟚.𝟘𝟜.𝟙𝟙 𝔻+𝟝𝟞하율이와 첫 나들이❤️하율이는 잤지만 나는 너무 신났다😍남편아 피곤해도 참아줘🤩,[],행복
44,봄이 떠오르는 예쁜 풍경비누🧼✨  비누구매는 네이버스토어에서 가능합니다(상단 프로필 주소 클릭)  비누 주문 및 제작 문의는Kakaotalk+ 작업실다정 으로 문의주세요   ,"['#수제비누', '#비누', '#작업실다정']",행복
45,2022.04.04.★운동: 팔굽혀펴기(20x5) + 풀업(밴드 5x5) + 복근(16x5) + 덤벨숄더프레스(10kg10kg 10x5)★식단: 현미밥(140g) + 닭가슴살(100g) + 닭가슴살스테이크(100g) + 야채 + 나랑드사이다- 회사에서 운동할 시간이 있으니 회사에서 운동을 열심히하게 된다. 센터안간 지 일주일 된 거 같은데 회사에서 운동하고 센터까지 갈 의지가 없는건지...힘든건지...요즘 안좋은 일 들이 있어서 싱숭생숭...마음이 안좋았는데 이럴 때 운동하면 잊혀지는 법인데 이번엔 그렇지 못했던 거 같다...그래도 흐트러지지말고 단단한 사람이 되어야지!더 열심히 더 열정적으로 살아야겠다!💪,"['#오운완', '#팔굽혀펴기', '#풀업', '#band', '#복근', '#점심', '#어깨']",행복
46,"평범했던 나를억대연봉 능력맘으로만들어 준 지금의 일‘◡’⠀의심,고민 하지 말고꼭 도전해보세요♥️♥️...........","['#행복여행', '#행복나눔', '#행복함', '#행복미소', '#행복비타민', '#행복', '#행벽해요', '#행복한바오밥', '#행복얼라이언스', '#행봇해지기', '#행복하다그램', '#행복해요', '#행복한만남', '#행복은가까이에', '#행복했어요', '#행복한저녁', '#행복한생일', '#행복한생일', '#행복스타그램', '#행복만들기', '#행복드림구장', '#행복하세요', '#행복해야해', '#행복해그램', '#행복이별거냐', '#행복해라', '#행복하니', '#행복하게살자', '#행복그램', '#행복하자우리']",행복
47,.가끔 시간이 될때는 아들의 운전기사가 되어준답니다.운전기사가 되어도 너무나도 행복합니다💕 아들이 맛집을 검색해서 찾아간 곳이 인사동이네요~엄마가 좋아할것 같은 곳을 찾아봐준 아들이 어찌나 사랑스럽던지요🥰이런 아들이 곁에 있음에 참으로 감사하다는 생각이 또 드는 날이었어요~,"['#인사동', '#아들과데이트', '#인사동맛집', '#꽃밥에피다', '#보자기비빔밥', '#별솔캘리그라피', '#동탄맘', '#행복']",행복
48,오늘은 소곱창 캬~비쥬얼보소! 너무 너무 맛있다!ㅋ.ㅋ남편이랑 결혼전 자주오던 합정맛집인데..결혼후 증말 오랜만에 먹으러왔어요!올만에와도 증말 곱창 이렇게 맛있기있긔💕 곱창 맛도 안에 꽉찬 곱도 그대로인데이 분위기 너무 좋고 오랜만에 맥주도한잔하고 기분이 너무 좋음!ㅋ.ㅋ둘이서 모듬으로다가 3인분 시켜먹그눈꽃치즈 볶음밥으로 마무리!!ㅋㅋㅋ곱창 먹고 신나고 데이트에 신나고추억돋고 넘나 ,"['#행복', '#합정곱창', '#합정역곱창', '#합정맛집', '#돌황소곱창', '#곱창맛집', '#소곱창맛집', '#곱창맛집추천', '#합정동곱창', '#합정소곱창']",행복
49,🌸떨어진 꽃 얼른 주워서금강이 머리에 벚꽃 핀 ! 다들 강아지 사진에 애기 사진 찍느라 난리던데 나는 금강이 사진 수십 장 ㅋㅋㅋ금강이는 해탈 😌아 이뿌다 ,"['#벚꽃', '#일상', '#행복']",행복
50,대박대박이게뭔일이야 서근태 진짜 짱 내가진짜노래불럿는데 이렇게서프라이즈할줄이야나초코롤빵하나면됬는데-----,"['#포켓몬빵', '#초코롤빵', '#배부르지만먹는다', '#행복']",행복
51,신청평 대교 벚꽃터널구경~~날씨만 좋았으면 더 예뻣을텐데 아쉽^^본부 우수비피 행사맛난것도 먹고~~오랜만의 만남이라 더 행복한 하루~~,"['#봄', '#벚꽃', '#청평', '#바람', '#리엔케이', '#나들이', '#행복', '#하루']",행복
52,주말 벚꽃구경하러 간 서울숲공원~!꽃반 사람반에 주차대란이었지만 화창한 날씨와 너무 예쁜 경치덕분에 행복했던 주말~ 다음엔 돗자리 가지고 와서 치맥 해야지~ ...,"['#벚꽃놀이🌸', '#서울숲', '#사람구경👀', '#화창한날씨☀️', '#봄나들이', '#강아지산책🐶', '#로또', '#행복']",행복
53,메리골드 (marigold)반드시 오고야 말 행복😊플레르가 그대의 행복이 되어 줄게요😁📷 : Abigail Bellen,"['#봄', '#꽃', '#마리골드', '#행복', '#부산커뮤니티', '#좋은글', '#짧은글귀', '#꽃말', '#일상', '#spring', '#flower', '#marigold']",행복
54,일상이 행복으로 가득하다면행복의 감사를 모를 수 있겠지만어떤 상황이라도 감사하다고 생각해보자.,"['#행복', '#일상', '#만남', '#빠레뜨한남', '#맛집', '#힐링', '#감사', '#점심', '#초대']",행복
55,"나의 정체성, 나를 둘러싼 상황, 내가 진 '행복, 불안, 사랑'에 대한 감정을 같이 연구해볼거에요. 단순히 옳고 그른 삶의 방식을 이야기하는 자리가 아니에요.단어, 작동원리 하나씩 객관적으로 살펴보며 내가 가진 물음을 깊게 탐구해보자고요!🍀 <마음연구소> 정규 독서모임을 모집합니다. 모임 지기는 강준욱님으로 10년간 독서모임에 참여와 진행을 맡으셨어요! 현재는 쓰기 위한 여정 중에 있습니다. 🍀 긍정심리학이 더이상 반갑지 않고, 철학이 처음이신 분들에게 마음연구소를 권해드립니다-🍀 모집 기간 : 4/14-5/1일모임 일정 및 진행방식은 게시된 차트를 참고해주세요!🍀 신청은 프로필 하단 링크 또는 dm으로 문의바랍니다",[],행복
56,3월의 밀린기록1.애미 초심잃을까봐 한번씩 눕고보는 서빈이는 참 지랄맞은 친구 ㅡ 개가 똥을 끊지.. 쯔쯔... 💩 2.9살이 되었어도 여전히 재밌게 드시는 서준이는 참 한결같은 친구3.9살이 되었어도 늘 혼자 넘어지고 자빠지는 서준이는 참 재미나게 사는 친구,"['#남매맘', '#어쩔티비', '#도치맘', '#아롱이다롱이', '#내새끼최고', '#행복', '#육아전쟁', '#육아고통', '#사랑', '#럽스타', '#가족', '#일상', '#소통', '#엄마일상', '#애증', '#책육아', '#공부', '#학교', '#등교', '#원주', '#협찬', '#이벤트', '#리뷰', '#홍보', '#라이더', '#라방']",행복
57,첫줄유아우비 런칭기념 이벤트~!!아땅뜨 우비 50% 할인~!!!대한민국 최고의 가성비 우비~!!최고급 tpu 원단~!! 어머님들 가격에 한번 놀라시고 원단에 두번놀라시고 디자인에 세번 놀라시는 그우비 입니다~^_^;;특수제작 방수지퍼 사용~!! 최고의 디자인~ !!가성비 최고의 가격~!!![어머님들 구매평들이 너무 좋아요~!!^_^v]아이 안전을 위한 kc인증은 물론 sgs인증까지 완료~!!런칭 기념 쫌많이 할인중~!! 조카 선물용으로 최고~!!!!!!프로필 url 클릭 해서셔 구경 오세요~~!!!.....,"['#유아우비', '#10월', '#우비', '#아동우비', '#어린이우비', '#여행', '#캠핑', '#휴가', '#추억', '#애완', '#동물', '#사랑', '#행복', '#슬픔', '#이별', '#남친', '#여친', '#커플', '#데이트', '#취미', '#자동차', '#유아우비', '#게임', '#애니', '#책', '#유머', '#사진', '#음악', '#트로트', '#독서']",행복
58,두정동 카페 디에떼🌺형형색색의 꽃들로 인테리어한 이쁜 카페내 사랑과 창가에 앉아 맑은 날씨와 봄을 즐기고 왔다❤️,"['#연애', '#사랑', '#커플', '#내사랑', '#내남자', '#사랑해', '#데이트', '#디에떼', '#카페', '#이쁜카페', '#cafe', '#딸기라떼', '#아이스아메리카노', '#존맛', '#달달', '#디저트', '#기념사진', '#이쁜사진', '#여유', '#행복', '#힐링', '#즐거움', '#주말', '#일상', '#럽스타그램', '#커플스타그램', '#사진스타그램', '#일상스타그램', '#인스타그램']",행복
59,첫줄레이저 각인 지포 라이터 오픈기념 엄청난 이벤트 합니다~!!!^_^v정품 EARTH 오일 라이터에 이쁘게 각인해 드립니다~아버지 친구 남친 선물용으로도 좋구 커플 라이터로도 좋아요~~캠핑 다니시는 분들도 라이터들 많이들 구매 하시더라구요~ 레이저로 각인을 하여 평생 지워지지않는 나만의 지포 라이터~ 이름 이니셜 간단한 문구 같은건 무료각인 서비스 해드리구요~ 만화 이미지 사진 같은건 메일로 보내주시면 예쁘게 각인해 드립니다~라이터+단면/양면 문구나 이니셜 각인 단돈 9900원라이터+단면 사진이나 이미지각인  15000원라이터+양면 사진이나 이미지각인 19000원가격이 싸다고 저가 레이저 장비나 다이아몬드 각인 같은게 아닌 최신 mopa레이저 장비 도입 하였습니다~정말 단지 오픈이벤트로 많은분들에게 입소문 나기위한 이벤트 입니다~!!거기다 후기 이벤트 합니다~~물건 받으시고 사진후기+한달후기 총 2개 작성하시고 저한테 인증톡 보내주시는 분들에게 지포 라이터 소모품이자 필수품인.. 1.부싯돌2.심지3.기름4.인서트마개5.무료배송이렇게 총 4가지선물을 무료배송으로 보내드립니다~!!!후기 이벤트 선물이 라이터가격보다 더 비쌉니다~!!ㅎㅎㅎ진짜 사장님이 미쳤어요 이벤트 입니다~ㅋㅋㅋ 인스타 메인에 있는 URL 클릭하면 구경오실수 있습니다~.....,"['#지포라이터', '#커플선물', '#선물', '#남친선물', '#레이저각인', '#여행', '#캠핑', '#휴가', '#추억', '#애완', '#동물', '#사랑', '#행복', '#슬픔', '#이별', '#남친', '#여친', '#커플', '#데이트', '#취미', '#자동차', '#아이템', '#게임', '#애니', '#책', '#유머', '#사진', '#음악', '#트로트', '#독서']",행복
60,독서넣어놓고독서근처카페크로와상 샌드위치아이스아메리카노특명 크로와상 2개포장이시간이 꿀같구나,"['#주부', '#일상', '#여유', '#행복', '#독서', '#독서육아', '#둥이육아', '#둥이일상', '#둥이모델', '#레이지모닝', '#상인동레이지모닝']",행복
61,ㅡ바쁘다는 말 하는 시간도 아까운 풀예약 .너무 바쁘네 😳🥲💛시간을 아껴쓰자💪🏻💪🏻💪🏻💛.,"['#보니타플라워', '#노랑꽃다발']",행복
62,"한국심리교육원누구에게나 발생하는 상처,누가 상처를 주었느냐 보다는 자신의 마음에 발생되어 있는 상처를 치료해야 합니다. 잘잘못은 치료 후에 생각해도 늦지 않을 것입니다. *****Add the popfam:Follow @kip_www.kip.acFollow @kip_psychologytherapyFollow @kip_mothertherapyFollow @kip_infidelitytherapyFollow @kip_sextrainingFollow @jip_xesFollow @infidelitytherapyFollow @jip_mothertherapy*****🙂","['#마음이론', '#성마음이론', '#마음치료', '#심리치료', '#심리포럼', '#외도테라피', '#마더테라피', '#여성아카데미', '#인생컨설팅', '#행복', '#치료', '#스트레스', '#상처', '#마음교육', '#행복능력', '#한국심리교육원']",행복
63,누가 보면 산책 안하는 줄 알겠어.. 밖에 그리도 나가고 싶니…영혼을 밖으로 내보는 중이신듯 방방아.. (너네 언니 아프대)격리 중인 우리 민화찡 몸 상태도 모르고 산책이 나가고 싶은 방바이 🥲,"['#산책이란', '#행복?']",행복
64,집으로 온 후 꿀잠낯선 환경이라 그런지..처음엔 적응을 못하다가 어느 순간 잠만자는 우리딸 신생아시절😍집이 제일 편안하고 행복한 공간이 되었음 하는 엄빠의 마음이 전달되어 행복한 꿈만꾸길~,"['#집으로', '#쿨쿨', '#행복']",행복
65,👰‍♂️🧑‍💼2022년 4월 30일따스한 봄날 드디어 결혼합니다~~!!!제이아트웨딩홀 3층 페디스홀 2시30분,"['#4월30일', '#결혼해요', '#4월의신부', '#행복', '#두근두근', '#제이아트웨딩홀', '#사랑해요']",행복
66,-하체하기 좋은날씨다🌨오늘같은 날씨에 하체하는데소름돋는 선곡 덕분에 초집중해서하체탈탈 ㅋㅋㅋ💦발라드들으면서 운동하면 집중잘되는건나만그런가~~~???? ㅎㅎㅎ아무튼 오늘 날씨흐려서 속상했는데운동잘되서 기분좋고 선곡좋아서 기분좋고여러모로 행복한오늘!!🎂🎁🎊💓-,"['#부산', '#운동', '#운동하는여자', '#운동녀', '#웨이트', '#운스타그램', '#헬스타그램', '#다이어트', '#다이어터', '#유지어터', '#자기관리', '#4월생', '#해피데이', '#행복', '#바디체크', '#일상', '#데일리']",행복
67,한국심리교육원 행복하게 살고 싶은가요?마음의 상처를 살펴보세요.*****Add the popfam:Follow @kip_www.kip.acFollow @kip_psychologytherapyFollow @kip_mothertherapyFollow @kip_infidelitytherapyFollow @kip_sextrainingFollow @jip_xesFollow @infidelitytherapyFollow @jip_mothertherapy*****🙂,"['#마음이론', '#성마음이론', '#마음치료', '#심리치료', '#심리포럼', '#외도테라피', '#마더테라피', '#여성아카데미', '#인생컨설팅', '#행복', '#치료', '#스트레스', '#상처', '#마음교육', '#행복능력', '#한국심리교육원']",행복
68,제스트의 일주일의 마무리는 익산팀❤️행복 별거 없어요 그냥 즐겨보는거죠🍀--일상에 활력을 불어 넣어주는 제스트🍀 익산에 계신 많은 여성분들을 정중히 제스트로 모셔봅니다🔥-😛이런분들에게 강추합니다🔥👧🏻:난 활동적인 운동이 좋아!👩🏻: 나도 ,"['#골때리는그녀들', '#제스트', '#풋살', '#행복', '#축구', '#여자풋살', '#여자축구']",행복
69,남지유채꽃코로나로 2년간 폐쇄되었던 유채밭~  방문자제라지만 이쁜꽃을 어찌 안볼수있나~이렇게 아름다운 자연을 주신 하나님께 백배천배 감사한마음~^^,"['#유채꽃', '#행복', '#감사', '#일상회복', '#코로나종식']",행복
70,@bin_gorgeous << 재밌는 글과 영상 많아요♥명품은 찐인가 ㄷㄷㄷ..................,"['#샤넬', '#샤넬쇼', '#제니', '#빙하', '#유머', '#유머스타그램', '#웃자', '#웃으면복이와요', '#행복', '#4월', '#커플스타그램']",행복
71,마라도와 가파도로 가는 여객선이 다니는 운진항에 셀프사진관이 있어요제주스러운 돌창고를 사진관으로 꾸미고 손님이 리모컨으로 직접 자기사진을 찍을 수 있는 셀프스튜디오로 운영하고 있네요이름도 돌담사진관 이라니 정말 제주스럽네요...,"['#제주도사진관', '#돌담사진관', '#돌창고', '#마라도가는여객선', '#가파도가는길', '#운진항', '#모슬포항', '#대정읍', '#제주도가볼만한곳', '#서귀포가볼만한곳', '#대정가볼만한곳', '#셀프사진관', '#제주도비올때가볼만한곳', '#제주도가족여행', '#아이와제주여행', '#오늘', '#지금', '#행복']",행복
72,.컨디션이 몸이 천근만근그러나 움직일수밖에 움직여서 움직일수밖에 움직이고있는….아이들 공부방에 서브라이즈 플라워 🤎❤️🧡꽂아 놓고 배시시☺️기운나서 식탁에 앉아 꽃보며 일하는 오전오후☄️💥🔥텐션..비타민챙겨먹고 밤까지 이어지는 스케줄 고고!!!아..오늘 달콤북클럽있구나 🌪...,"['#시간관리', '#플래너쓰는이유', '#평일을달린다', '#달콤플래너', '#계획있는뇨자', '#정리', '#습관', '#계획', '#주도적', '#딸', '#미소', '#자매', '#딸스타그램', '#딸바보', '#키즈', '#딸딸맘', '#육아스타그램', '#육아소통', '#행복', '#줌마그램']",행복
73,"한국심리교육원건강한 몸은 생존을 위해 필요하고, 건강한 마음은 행복을 위해 필요합니다. 행복하게 살아가기 위해서는 몸과 마음이 모두 중요합니다. *****Add the popfam:Follow @kip_www.kip.acFollow @kip_psychologytherapyFollow @kip_mothertherapyFollow @kip_infidelitytherapyFollow @kip_sextrainingFollow @jip_xesFollow @infidelitytherapyFollow @jip_mothertherapy*****🙂","['#마음이론', '#성마음이론', '#마음치료', '#심리치료', '#심리포럼', '#외도테라피', '#마더테라피', '#여성아카데미', '#인생컨설팅', '#행복', '#치료', '#스트레스', '#상처', '#상처치료', '#심리치료', '#마음교육', '#행복능력', '#한국심리교육원']",행복
74,제스트의 일주일의 마무리는 익산팀❤️행복 별거 없어요 그냥 즐겨보는거죠🍀--일상에 활력을 불어 넣어주는 제스트🍀 익산에 계신 많은 여성분들을 정중히 제스트로 모셔봅니다🔥-😛이런분들에게 강추합니다🔥👧🏻:난 활동적인 운동이 좋아!👩🏻: 나도 ,"['#골때리는그녀들', '#제스트', '#풋살', '#행복', '#축구', '#여자풋살', '#여자축구']",행복
75,@yeopsongi_1 << 재밌는 글과 영상 많아요♥아앜ㅋㅋㅋ진짴ㅋㅋㅋㅋㅋ.................. ,"['#5g', '#속도', '#논란', '#개웃김', '#유머', '#유머스타그램', '#웃자', '#웃으면복이와요', '#행복', '#4월', '#커플스타그램']",행복
76,"트래블링이 뭘까?😁🏀""더퍼스트스포츠 동탄점""원어민 코치님과 함께하는 신나는 영어농구교실* 주말A : 매주 토 09:00 ~ 09:50* 주말B : 매주 토 10:00 ~ 11:20* 주말C : 매주 토 11:30 ~ 12:50- 모집대상 : 7세 ~ 14세- 오시는길 : 경기도 오산시 외삼미로 55-5 대한스포츠아카데미• 무료체험 신청 가능합니다",[],행복
77,Fun day in Houston with my new bestie~💕Miss you and see you soon!,"['#휴스턴', '#Houston', '#파이팅', '#wednesday', '#happy', '#daily', '#하루', '#2022', '#4월14일', '#수고했어', '#4월', '#오늘', '#목요일', '#사진', '#셀카', '#selca', '#행복', '#행복한일', '#앞머리', '#selcagram', '#셀카그램', '#행복해', '#재밌다', '#여행', '#베프', '#친구', '#bestie']",행복
78,"⠀야근 끝! 행복 시작!💓워라밸 생활 얻는 법?알아서 챙겨주는 직원 생일 관리 솔루션, 생일24로!⠀🎉직원생일이 다가오면 자동으로 알람톡 발송하고!🎁직원들이 직접 선물을 선택하면 선물 배송까지!⠀신경 쓰지 않아도 알아서 다 해주는 솔루션생일24 지금 바로 도입해보세요:)⠀",[],행복
79,",오랫만에 메인을 장식한 하루 :)너에게 정말 신경을 못써주는 것 같아 미안해.내 몸뚱아리가 두개였음 좋겠다...,,그나저나벌써 봄이 후퇴하고 있는 듯.마의 계절의 여여여여름이 다가오고 있다.이제 몇시에 산책해야 하나. 망했...🤮,그리고 별이 첫 신발 신은 날은 하루와 함께 :),,","['#애개육아', '#시바와아기', '#시바육아', '#시바', '#시바이누', '#시바견', '#시바스타그램', '#펫스타그램', '#반려견', '#멍스타그램', '#행복', '#사랑해', '#일상', '#직딩', '#재택근무', '#겨울', '#산책', '#pet', '#dog', '#shiba', '#shibainu', '#shibastagram', '#pet', '#petstagram', '#happy', '#daily', '#love', '#family', '#puppy', '#しばいぬ']",행복
80,"👏You 그냥 가지말고 밑에 글을 보고 가세요👏요즘 세상 맞벌이로 생활을 해도 자식 키우고 외식하고이쁜 옷 한벌 사는것도 눈치보이죠?!!제가 도와드릴께요. 💗초코데디💗 정보를 알려줄테니 읽어보세요👉무료회원가입👈가입 후 출석체크만 잘하면 최소 10만원부터!!!!But 알바와정규직이랑 차이가 있듯이 차이는 있겠죠?👉언제.어디서.연령👈시간과 장소 상관없이 누구나 SNS홍보글 작성으로☆수익창출☆👉본사 이벤트👈""제택부업"" 본사의 수익보다 회원님들에게수익 100% 월급으로 주는👐자동수익 시스템 적용👐👉이벤트👈아직까지 설명으로 부족하지만 더 많은 수익창출을위해 노력하는 본사가 당신을 기다리고 있습니다.고민하지말고 365일 24시간 문의 주세요저와 제 사람들은 지금도 💰💰💰 파티중♡"" 요즘 누구나 쉽게 다가갈수 있는 부업 ""제가 도와드릴께요^_^저 초코데디 믿고 시작해봅시다.",[],행복
81,걷기가 점점 빨라지고 이동이 거의 나루토 수준이라 잡으러 다니기 바쁨 ㅎㅎ엄마는 실패한 사진찍기 나는 나름 성공😀😀내 빵은 건드리지 마라 최이든😅,"['#어남국', '#어남국부부', '#최이든', '#걷는아가', '#나루토', '#분신술', '#빠르다', '#잡으러다니기바쁨', '#아빠무릎', '#아악', '#행복', '#아들스타그램', '#아빠스타그램']",행복
82,"아직 코로나때문에 일상생활하기 힘드시죠저도 맨날 일집 일집 반복입니다.상황이 이렇다 보니 더 집콕이더라구요,그래서 더욱더 부업에 매진중입니다하늘에서 절대 돈 안떨어지더라구요제가 하는만큼 번다고 생각이 들어서누구보다 열심히 하는 중입니다.열심히 하다보면 언젠가는 빚도 다 갚고빚 없이 행복한 걱정없는 삶이 오겠져?",[],행복
83,얼마만에 뮤지컬이야♡생각할수록 기분전환이 된다~집에 와서 노래 불렀더니첫째는 좋대고둘째는 시끄럽다고 귀를 막네.엄마가 많이 보고 더 연습할게 ㅋㅋㅋ,"['#지킬앤하이드', '#카이', '#선민', '#이지혜', '#샤롯데씨어터', '#힐링', '#행복']",행복
84,"'비눔' 1호점 <궁동점>인생샷 무조건 건지는비눔 갈 파티원 모집중 💗-우드톤 인테리어로 감성을 한층 업 시킨 '비눔' 궁동점입니다🤗-예쁜 순간을 위한 다양한 소품 마련은 기본😚😘-""비도 오는데 분위기 좋은 술집에서 와인 한잔 하자""-주소 : 대전 유성구 대학로145번길 30(궁동정류장에서 도보 이용 가능)전화번호 : 010-5947-9614-","['#비눔', '#궁동', '#비눔궁동점', '#와인스타그램', '#wine', '#궁동맛집', '#궁동술집', '#충남대술집', '#혼술', '#맛집', '#맛스타그램', '#봄맞이오픈', '#jmt', '#잔술']",행복
85,엄마 출근할때도 따라간다고엄마랑 절대 안떨어질거고엄마 잘때도 손잡고 잘거라고장난치고 등에 매달리고까불고  난리난리😝 개구쟁이랑산닼ㅋㅋㅋㅋㅋㅋ,"['#일상', '#육아', '#청양띠맘', '#8살', '#딸바보', '#딸스타그램', '#딸등신', '#얼스타그램', '#몸스타그램', '#먹스타그램', '#좋아요', '#고슴도치맘', '#워킹맘', '#행복', '#출근', '#하기전', '#퇴근마렵다', '#k2', '#광고아님', '#럽스타그램', '#육아스타그램', '#기록']",행복
86,"After our ‘adventure’ in Inala, a quick stop for a refreshing drink. 🥰🥰",[],행복
87,"When you open your mouth wide, laughter, crying, joy, pain, anxiety, and hope are all communicated입을 크게 벌리면 웃음도, 울음도, 기쁨도, 아픔도, 불안도, 희망도 모조리 통한다","['#기쁨', '#불행', '#행복', '#아픔', '#웃음', '#희망', '#고뇌', '#해결', '#감정', '#교통', '#왕래', '#이것', '#저것', '#그것', '#Joy', '#unhappy', '#happiness', '#pain', '#laughter', '#hope', '#guish', '#solution', '#emotional', '#portation', '#wandering', '#this', '#that', '#it', '#nft', '#nftcommunity']",행복
88,사랑은 모든 허다한 죄들을덮는다사랑은 사람의 마음을열어주는 열쇠이다사랑은 영혼을길러주고보살펴준다.,"['#사랑', '#기쁨', '#행복', '#영혼', '#성화', '#정화', '#치유', '#힐링', '#슬픔', '#충만', '#진리', '#사람', '#동물', '#가족', '#친구', '#연인', '#인스타', '#소통']",행복
89,날씨가 갑자기 왜이렇게 더워진지..얼마전 방송상품으로 구매한 LINE 원피스두지금 입기 너무 덥다구유😭,[],행복
90,"속상하면 제일 먼저 속이 상하죠.그럴 땐, 라떼로 부드럽게 커피를 즐기세요.부드러운 라떼가 속도 마음도 달래줄 거예요.다정함을 품은 커피 한 잔.고급 원두와 섬세한 로스팅으로 완성한AGF 드립커피가 우유를 품은 AGF 라떼라면 더 다정하겠죠?🥛🥰☕️✔️엄선한 고품질의 아라비카 원두 100%✔️커피 전문 감정사가 구현한 향기로운 블렌드✔️초 단위 미세 온도조절 로스팅 공법이 완성한 프리미엄 커피!•••","['#AGF', '#AGF커피', '#드립커피', '#프리미엄커피', '#홈카페그램', '#아메리카노', '#드립백커피', '#커피추천', '#핸드드립', '#라떼', '#아라', '#따라', '#우유', '#부드러움', '#행복']",행복
91,"⠀여느 때와 똑같은 하루,문득 정신을 차려보니 벌써4월 중순을 향하고 있네요🗓여러분의 오늘 하루는 어땠나요?바쁜 일과 속에서 나의 마음을챙길 시간이 없진 않았나요?가끔은 한적한 오후에 저 멀리구름 소리를 듣는 것만으로도하루가 특별해지기도 한답니다☁️지금 바로 <프로필 링크>에서일상의 따뜻한 소리와 함께여유를 가져보는 건 어떨까요?🎧",[],행복
92,여권 찾구간만에 청주시내 나와서남편이랑 데이트~~❤️행보꾸🥰🥰🥰🥰🥰(인형오락실가서 6천원 돈잃는거 안비밀ㅋㅋ),"['#청주', '#성안길', '#성안길맛집', '#하루', '#연어', '#돈코츠라멘', '#돈가스맛집', '#데이트맛집', '#오창', '#청주시내', '#예비부부', '#동갑내기부부', '#결혼준비', '#부부스타그램', '#맛집스타그램', '#like4likes', '#행복', '#❤️']",행복
93,손짜장은 손가락으로 먹어야 제맛ㅡㅡㅡㅡㅡㅡㅡㅡㅡㅡㅡㅡㅡㅡㅡ어제 TV에 김갑수와 장민호가 나오는 갓파더를 보고 얼마나웃었는지 모릅니다.짜장면 배달시켜 먹는데젖가락이 없어서 비닐장갑 끼고짜장면을 섞고 손으로 먹는 장면이있길래 써봤습니다.여러가지 웃기는 장면이 많이나왔고 이렇게 웃어보긴 오랜만이었습니다.웃음은 보약입니다.,"['#캘리그라피', '#좋은글', '#예쁜글', '#감성글', '#손글씨', '#사랑', '#행복', '#봄', '#짜장면']",행복
94,나의 출근🧑‍💼 필수템 비에톤 멀티스틱 밤과 인셀덤 4D쿠션건조한 사무실 환경에서 촉촉💧하고 생기💓있는 피부를 관리하는 방법~비에톤 멀티스틱 밤피부 밀착력이 높아 어느 각도에서도 자연스러운 광채피부를 표현하는인셀덤 4D쿠션~무엇보다 피부가 답답하지 않아 느무 좋은 제품~💕강추합니다~👍🤩Ein MUSS für meine Arbeitstage: Das VIETON MULTI STICK BALM und das INCELLDERM 4D CUSHIONMit dem VIETON MULTI STICK BALM können Sie sich ihre Haut auch im Büro pflegen!Für eine strahlende und reine Haut ist das deckende INCELLDERM 4D CUSHION die perfekte Wahl! 👍🥰,"['#베를린', '#독일', '#일상', '#행복', '#워킹맘', '#사무실', '#멀티스틱밤', '#쿠션', '#인셀덤', '#자연광', '#뷰티그램', '#berlin', '#germany', '#daily', '#workingmom', '#balm', '#cushion', '#incellderm', '#kbeautyskincare', '#hautpflege', '#happy', '#together']",행복
95,"2022.04.14(목)장소:은평구디 이니셔티브 새로운 기획📚그 이후의 이야기 -박상아, 우리의 삶은 엉망진창으로 아름답다.-📕저도 아이를 키우는 아빠로서, 엄마는 아니지만 책은 내용과 그 이후의 이야기를 볼때마다 저를 되돌아보고 마음을 다시잡게되는 힘이 있습니다.육아에 지치고 힘드시고 반대로 행복을 찾는분들께 추천드립니다. 위로를 받으실 것입니다.","['#디이셔티브', '#일상', '#행복', '#위로', '#우리의삶은엉망진창으로아름답다.', '#에세이@park_sanga', '#우리의삶은엉망진창으로아름답다...', '#독서스타그램', '#책스타그램', '#illustration', '#일러스트', '#북일러스트', '#bookillustration', '#bookstagram', '#육아일상', '#육아스타그램', '#에세이', '#에세이그램']",행복
96,코로나 확진..공부도 집중이 잘 안되고혹독한 감기몸살증상우선..인생의 낙이었던 맛을 못느끼는 지금..휴..유난히 더 늘어지는 요즘진짜 중요한 시기인데..어서 지나가자~🙏,"['#셀피', '#셀카', '#셀카그램', '#인친', '#선팔', '#일상', '#직딩', '#데일리', '#daily', '#happy', '#memories', '#everyday', '#행복', '#얼굴', '#face', '#selfcam', '#치즈', '#스마일', '#self', '#sel', '#selfie', '#insta', '#코로나', '#코비드', '#확진', '#휴유증']",행복
97,매주 목요일 업로드될 C맨소개 컨텐츠그 첫번째를 장식할 간사님편입니다!제주대 캠퍼스에는 어떤 간사님들이 계실까??제주대학교에서 순장님들과 순원들을 지도해주시는 간사님들을 간단히 소개해보았습니다!궁금한 사항은 자유롭게 질문 해 주세요!...,"['#제주', '#제주대학교', '#제주대동아리', '#기독교동아리', '#동아리', '#제주ccc', '#제주대ccc', '#cccgram', '#간사', '#순장', '#순원', '#대학생', '#신입생', '#재학생', '#복학생', '#누구든', '#환영', '#일상', '#소통', '#사랑', '#기쁨', '#행복', '#공동체']",행복
98,올해의 마지막꽃놀이는 박물관에서인가 ..나도 저시대사람이었슴 절케 마차타고 꽃놀이 다녔을라나예쁜게 너무 많아 큰일이네 ㅋㅋㅋㅋㅋ ,"['#갖고싶다.이', '#국립중앙박물관', '#꽃놀이', '#벚꽃놀이', '#매화꽃', '#행복', '#좋다그램', '#눈호강', '#힐링', '#반가사유상', '#사유의방']",행복
99,ㅡ시간의 제약없이 혼자 여행을 해본것이 언제인지 기억도 나질않네요 아침에 바리바리 챙겨 출발을 했는데 또 덤벙이는 이것저것을 두고왔고 밥먹을 새도없이 다시 돌아가는길 덕분에 꽃구경은 실컷했고 BTS 오빠들 없었으면 못왔을 길 고마워요 BTS 내일은 정상적으로 12시에 매장에서 만나요🍎,"['#일상', '#감성', '#행복', '#육아', '#식물', '#배송중', '#휴무일', '#사과나무식물편집샵']",행복
100,"-..급 자유부인 훠궈 부시고 ,성수동 카페거리 날씨까지 완벽 ☀️커피가 작아서 살짝 깝놀..대용량에 익숙해져버린 내 위😊..","['#파파라치', '#성수동카페거리', '#oedtosweet', '#평일', '#급', '#자유부인', '#친구', '#불알친구', '#일상', '#커피', '#훠궈', '#행복', '#나만의시간', '#고마워', '#두이야', '#36살', '#데이트', '#내방역', '#서울나들이', '#coffee', '#ootd', '#좋아요', '#좋아요반사', '#l4l', '#f4f', '#cute', '#daily', '#happy', '#instagood']",행복
